{"train loss LSTM": 7.842338562011719, "epoch": 0, "step no": 199, "_timestamp": 1693628546.2894483, "_runtime": 188.45177936553955, "_step": 199}