{"loss": 4.734707832336426, "epoch": 0, "step no": 199, "_timestamp": 1693465391.1826987, "_runtime": 34.82821083068848, "_step": 399}