{"loss": 4.764222145080566, "epoch": 0, "step no": 199, "_timestamp": 1693601167.6375299, "_runtime": 62.05662178993225, "_step": 399}