{"loss": 4.748467922210693, "epoch": 0, "step no": 199, "_timestamp": 1693465294.6271963, "_runtime": 34.190431356430054, "_step": 399}