{"loss": 4.717341423034668, "epoch": 0, "step no": 199, "_timestamp": 1693623798.0000455, "_runtime": 52.528491497039795, "_step": 713, "val loss": 9.404654502868652}