{"loss": 4.754636764526367, "epoch": 0, "step no": 199, "_timestamp": 1693463447.6203995, "_runtime": 32.361228466033936, "_step": 399}