{"loss": 4.691142559051514, "epoch": 0, "step no": 199, "_timestamp": 1693474412.8542888, "_runtime": 47.50143384933472, "_step": 399}