{"train loss LSTM": 7.82003116607666, "epoch": 0, "step no": 199, "_timestamp": 1693633446.2564874, "_runtime": 178.32750844955444, "_step": 199}