{"loss": 4.693111896514893, "epoch": 0, "step no": 199, "_timestamp": 1693600103.4297364, "_runtime": 35.57235646247864, "_step": 399}