{"loss": 4.706605434417725, "epoch": 0, "step no": 199, "_timestamp": 1693603030.64244, "_runtime": 36.92175602912903, "_step": 399}