{"loss": 4.669713020324707, "epoch": 0, "step no": 199, "_timestamp": 1693602048.941397, "_runtime": 37.672977924346924, "_step": 399}