{"loss": 4.553122520446777, "epoch": 1, "step no": 199, "_timestamp": 1693623917.4015398, "_runtime": 87.03206992149353, "_step": 1427, "val loss": 9.235508918762207, "_wandb": {"runtime": 88}}