{"loss": 4.746016025543213, "epoch": 0, "step no": 199, "_timestamp": 1693463088.3552136, "_runtime": 37.32307767868042, "_step": 399}