{"loss": 4.719555854797363, "epoch": 0, "step no": 199, "_timestamp": 1693601934.4503603, "_runtime": 28.92967438697815, "_step": 399, "_wandb": {"runtime": 27}}