{"loss": 4.721587181091309, "epoch": 0, "step no": 199, "_timestamp": 1693598425.608003, "_runtime": 33.89543294906616, "_step": 399}