{"loss": 4.725784778594971, "epoch": 0, "step no": 199, "_timestamp": 1693464157.0440054, "_runtime": 33.39412045478821, "_step": 399}