{"train loss LSTM": 7.8882880210876465, "epoch": 0, "step no": 199, "_timestamp": 1693626689.545084, "_runtime": 177.78458905220032, "_step": 199}