{"loss": 4.732917308807373, "epoch": 0, "step no": 199, "_timestamp": 1693463862.8556123, "_runtime": 36.2146532535553, "_step": 399}