{"loss": 4.709096431732178, "epoch": 0, "step no": 199, "_timestamp": 1693601646.2172601, "_runtime": 38.659693241119385, "_step": 399}