{"loss": 4.715086460113525, "epoch": 0, "step no": 199, "_timestamp": 1693599935.4784715, "_runtime": 35.58204650878906, "_step": 399}