{"loss": 4.709476470947266, "epoch": 0, "step no": 199, "_timestamp": 1693464333.4209423, "_runtime": 34.4017174243927, "_step": 399}