{"loss": 4.8734049797058105, "epoch": 0, "step no": 0, "_timestamp": 1693624396.6172376, "_runtime": 20.96520757675171, "_step": 0}