{"loss": 4.703810691833496, "epoch": 0, "step no": 199, "_timestamp": 1693623328.5127723, "_runtime": 36.374879360198975, "_step": 399}