{"loss": 4.727560043334961, "epoch": 0, "step no": 199, "_timestamp": 1693600856.7638776, "_runtime": 36.49948573112488, "_step": 399}