{"train loss LSTM": 7.364806175231934, "epoch": 1, "step no": 108, "_timestamp": 1693634366.404938, "_runtime": 346.26607608795166, "_step": 309, "val loss LSTM": 7.845700810669334}