{"train loss NNLM": 9.100305557250977, "epoch": 0, "step no": 795, "_timestamp": 1693641625.2274802, "_runtime": 136.41705226898193, "_step": 795}