{"loss": 4.723791122436523, "epoch": 0, "step no": 199, "_timestamp": 1693623243.8810887, "_runtime": 66.79621863365173, "_step": 399}