{"loss": 4.67832612991333, "epoch": 0, "step no": 199, "_timestamp": 1693599487.0417488, "_runtime": 35.84655165672302, "_step": 399}