{"train loss LSTM": 7.750557899475098, "epoch": 0, "step no": 199, "_timestamp": 1693628064.4334643, "_runtime": 175.58815622329712, "_step": 199}