{"loss": 4.716930389404297, "epoch": 0, "step no": 199, "_timestamp": 1693597961.9285905, "_runtime": 33.745829582214355, "_step": 399}