{"loss": 4.717097759246826, "epoch": 0, "step no": 199, "_timestamp": 1693600681.5794516, "_runtime": 28.530229568481445, "_step": 399, "_wandb": {"runtime": 27}}