{"loss": 4.73455810546875, "epoch": 0, "step no": 199, "_timestamp": 1693601544.2558904, "_runtime": 35.00243544578552, "_step": 399}