{"loss": 4.729413032531738, "epoch": 0, "step no": 199, "_timestamp": 1693597836.6193376, "_runtime": 37.82922148704529, "_step": 399}