{"loss": 4.725612163543701, "epoch": 0, "step no": 199, "_timestamp": 1693463727.4507282, "_runtime": 43.32039213180542, "_step": 399}