{"loss": 4.739808082580566, "epoch": 0, "step no": 199, "_timestamp": 1693600598.52699, "_runtime": 26.47626805305481, "_step": 399, "_wandb": {"runtime": 25}}