{"loss": 4.731616497039795, "epoch": 0, "step no": 199, "_timestamp": 1693465612.9034405, "_runtime": 36.71124744415283, "_step": 399}