{"loss": 4.704683303833008, "epoch": 0, "step no": 199, "_timestamp": 1693600774.5542288, "_runtime": 35.97846269607544, "_step": 399}