{"loss": 4.724346160888672, "epoch": 0, "step no": 199, "_timestamp": 1693464905.3230555, "_runtime": 32.834261417388916, "_step": 399}