{"loss": 4.740294933319092, "epoch": 0, "step no": 199, "_timestamp": 1693474606.8685155, "_runtime": 80.05886554718018, "_step": 399}