{"train loss LSTM": 9.738101959228516, "epoch": 0, "step no": 15, "_timestamp": 1693630078.2518466, "_runtime": 37.177568435668945, "_step": 15}