{"train loss LSTM": 7.847496032714844, "epoch": 0, "step no": 199, "_timestamp": 1693629080.4897175, "_runtime": 186.92934656143188, "_step": 199}