{"loss": 4.716315269470215, "epoch": 0, "step no": 199, "_timestamp": 1693601821.7747643, "_runtime": 28.68724226951599, "_step": 399, "_wandb": {"runtime": 27}}